cert,asset_16
14,239202604
35,832656
39,270432
41,173905
46,270174
47,371463
49,63721
50,142080
51,143164
52,211915
54,272932
58,558328
70,60630
72,244930
77,168012
81,132141
88,403479
89,526200
90,194907
93,58742
94,111117
99,105927
101,81792
105,110732
107,46330
109,184735
110,18874479
131,4680554
147,239085
148,219362
149,134569
155,149516
160,237647
169,251454
170,63655
172,1246496
175,151269
178,68359
183,105348
193,542188
197,303448
210,187347
214,302337
223,35409
225,37431
226,120974
228,848982
230,160388
231,171088
232,90652
234,101167
235,118660
245,248762
248,122267
251,67994
252,184499
253,870820
254,206623
255,155950
256,68964
258,3037007
262,142166
266,129543
267,177202
275,176907
281,129329
284,76591
287,958756
288,48201
289,193915
291,127157
292,572243
296,214498
297,109123
303,283094
304,61343
306,238804
307,116592
310,154770
314,41316
321,109916
324,405496
327,85257
340,684863
341,90775
342,364715
352,148088
358,33986
363,297211
384,939427
389,55626
399,27381
402,189091
404,94558
406,91841
414,261097
418,85853
419,278228
420,38985
421,179556
422,82414
428,58555
429,76431
432,102059
444,322101
445,379732
484,66611
485,164461
492,34726
496,156205
501,102258
504,84283
505,99736
526,25793
529,167363
571,342222
588,122631667
597,1655664
609,1962318
618,210569
622,4054627
623,53814000
628,2082803000
639,257576000
659,3678230
660,1135624
686,669224
698,1110209
713,1412693
734,1025918
737,142231
741,52815
763,465950
769,274556
803,9760557
823,364306
829,171325
845,265635
847,62521
850,171829
855,62050
861,227315
862,97915
867,200557635
872,219531
873,29874612
876,116074
877,174889
878,2395257
879,126226
884,63686
889,51542
893,569317
898,158482
899,78738
902,235712
903,928505
913,123547932
920,48658
924,344748
925,86013
926,247662
931,46811
938,81022
939,48416
950,301651
951,212400
953,4121209
954,204508
955,256962
956,176616
958,1402559
961,318817
963,228703
966,46791
968,198284
969,117737
976,98641
977,269024
982,324956
983,73018220
999,62307
1001,114443
1003,17284293
1005,1677874
1008,70874
1014,603892
1022,280385
1027,473604
1028,150968
1039,1712246
1040,3230875
1047,286253
1049,209552
1051,57929
1058,1842691
1060,650586
1068,756165
1071,574802
1073,533518
1086,246805
1090,181412
1091,62919
1092,89037
1095,258769
1098,69259
1100,254007
1105,9038469
1114,58844
1116,120509
1117,650765
1118,103951
1122,354490
1125,155995
1141,129812
1143,863544
1147,366623
1149,266289
1150,133002
1163,72288
1164,719690
1165,86453
1167,149769
1168,146640
1169,181420
1184,441480
1198,174508
1208,1826311
1209,668685
1210,393592
1213,145970
1218,121245
1219,412772
1225,6729058
1237,218426
1250,88089
1265,1453209
1281,5664658
1291,1317074
1294,421173
1296,199231
1299,449036
1331,2921775
1364,75899
1365,458171
1373,312950
1374,75479
1376,281264
1380,115948
1383,112442
1386,26385
1388,26029
1390,301057
1391,51749
1399,1717614
1401,49134
1402,708184
1409,157689
1413,98760
1414,1916063
1415,109877
1417,175003
1418,130616
1421,34475
1426,734945
1427,59268
1434,153031
1435,797634
1436,21732
1438,77172
1439,107457
1464,111615
1468,155326
1475,93957
1480,107941
1484,228079
1487,1332794
1490,121558
1497,560959
1513,222114
1517,166655
1520,963496
1522,100040
1523,82604
1527,528669
1528,1149088
1536,2855194
1545,755296
1547,178494
1550,230959
1552,529583
1553,256317
1556,47962
1562,54000
1566,109214
1596,52653
1599,82863
1600,81929
1604,136565
1607,393607
1609,177387
1610,185646
1611,163852
1612,47081
1616,179014
1617,1335298
1622,28345
1624,154626
1627,40366
1635,455034
1639,181967
1643,940761
1654,242490
1655,323952
1660,375302
1673,685234
1675,44446
1678,629000
1686,208815
1687,53448
1693,65029
1695,184142
1696,618440
1700,301198
1701,156681
1705,94190
1711,884728
1713,156855
1715,729898
1720,209194
1730,96529
1735,209276
1744,81922
1745,80762
1746,74769
1753,205646
1756,116244
1757,151040
1768,5591099
1778,105420
1779,93883
1780,237711
1781,151129
1786,182028
1787,90816
1800,129877
1802,34774
1808,279720
1821,157698
1829,42147
1833,469308
1837,101967
1839,124615
1843,125833
1847,154736
1849,139085
1852,498702
1857,270317
1860,35390
1862,111681
1865,55974
1867,139196
1868,361242
1869,297726
1874,555236
1895,378970
1900,283364
1901,27275
1903,90273
1905,355858
1906,65167
1908,133113
1913,206872
1918,41552
1929,58377
1931,104755
1933,82092
1936,243021
1937,126867
1941,117623
1945,71397
1946,158053
1956,146352
1964,144380
1970,119159
1972,114311
1978,700596
1980,123159
1982,135825
1983,101845
1986,59513
1992,149411
1993,46603
2036,571109
2057,111228
2068,212876
2093,412209
2102,1104022
2107,187136
2124,558389
2138,958099
2145,103224
2147,447700
2154,169003
2157,78393
2160,132065
2176,280865
2201,83073
2203,92813
2205,143521
2208,283514
2224,379051
2228,176816
2229,375261
2232,734907
2239,1765731
2240,1087531
2241,357294
2244,229087
2247,138415
2249,167455
2260,314431
2270,63076162
2273,93506
2281,651683
2284,201988
2285,326203
2286,94962
2289,84165
2290,273917
2291,355721
2300,84388
2301,72193
2308,40602
2312,31346
2315,886669
2317,13959
2318,175031
2320,47128
2326,311630
2327,101905
2328,58315
2331,30557
2359,388610
2375,150569
2379,117511
2380,275817
2391,176364
2409,340297
2429,423626
2443,556146
2444,85592
2448,111857
2452,170069
2453,143013
2455,143967
2467,122071
2468,419719
2469,132482
2476,434930
2477,141533
2482,221283
2485,31904
2496,119800
2526,253677
2575,192074
2595,362385
2608,312056
2615,326039
2616,89828
2682,63057
2691,432219
2695,237029
2698,106352
2700,855307
2704,212944
2708,140312
2710,336608
2711,1360692
2718,596944
2720,3909916
2721,292624
2723,114186
2725,387951
2733,74647
2735,104380
2738,491126
2740,477485
2750,280536
2753,123575
2754,101942
2759,452041
2762,123337
2765,123831
2767,214185
2769,245890
2777,424280
2779,135633
2784,201354
2786,96208
2787,106126
2794,36972
2804,121573
2805,129653
2824,373094
2828,129065
2829,390341
2832,405005
2838,152519
2850,443586
2945,131181
2987,601382
3014,498111
3017,141631
3018,22751
3019,63195
3029,112723
3031,229295
3034,331825
3047,60952
3063,176285
3066,6782077
3067,516170
3075,168114
3076,5850211
3078,58758
3079,60303
3086,416476
3087,148320
3091,522672
3095,320254
3098,80556
3099,655875
3103,326710
3105,185189
3108,613367
3109,116184
3110,159707
3113,298809
3116,805770
3121,382721
3126,308245
3127,414833
3133,42701
3134,97440
3140,151979
3144,121344
3145,332200
3149,52006
3158,46707
3161,129893
3170,82043
3178,29993
3179,100800
3182,25185
3183,647465
3184,63653
3190,77185
3193,342274
3195,454907
3197,110369
3206,571884
3210,954606
3214,633272
3217,181924
3218,312605
3219,229987
3225,99094
3226,510182
3228,544795
3230,181328
3232,32086
3237,34704
3244,83936
3248,116457
3250,1737912
3255,200941
3256,765532
3268,255085
3269,455668
3275,245602
3276,1587816
3279,356062
3281,69857
3285,1507934
3286,491145
3289,221817
3292,313420
3293,129095
3301,301373
3302,160568
3303,21475
3304,843174
3305,354500
3320,123296
3325,761692
3327,109043
3330,246753
3335,61430
3336,34863
3337,229855
3339,334324
3342,151387
3351,48716
3355,204101
3358,93753
3363,2950506
3368,121656
3376,238779
3377,42537
3384,264641
3387,928051
3388,171215
3389,467049
3399,49453
3400,188479
3401,51021
3402,1198938
3405,488944
3430,5327271
3440,1166763
3502,213922
3510,1677490000
3511,1727235000
3514,83730044
3579,225101
3598,109681
3599,77148
3600,22070
3601,57565
3603,2227613
3607,114408
3612,337490
3614,270683
3615,54395
3628,19227800
3639,114682
3657,3776458
3658,137234
3661,277257
3664,865623
3671,54626
3674,142472
3677,231522
3688,62439
3691,215328
3693,58077
3698,82574
3701,429179
3702,153158
3705,2200305
3709,11254182
3711,461544
3713,269749
3719,278728
3720,172353
3722,441538
3723,81826
3732,606332
3744,970561
3745,61787
3747,318533
3749,116737
3759,231001
3761,65076
3762,104340
3770,37093
3775,940398
3777,403058
3787,608105
3792,494028
3799,272305
3805,45152
3807,107799
3808,93445
3809,1124422
3814,396239
3817,85069
3818,72570
3821,182243
3826,63426
3827,66863
3830,142442
3832,14759060
3834,44524
3837,77835
3840,319974
3842,453798
3845,81615
3846,172048
3850,41142
3854,189580
3857,2051121
3858,167770
3863,390954
3864,1252494
3869,439732
3873,393340
3887,1152152
3890,8376439
3896,208277
3897,282034
3902,143737
3914,260837
3919,64604
3931,2048652
3934,29408
3948,74370
3973,1357977
3977,75087
3985,23027
3999,258855
4009,983012
4016,1157709
4019,59224
4028,1480298
4029,628994
4031,316343
4032,577990
4033,491430
4037,491032
4041,109569
4042,422421
4048,755552
4049,164146
4050,183413
4051,46480
4054,39648
4056,88316
4059,134115
4061,117521
4062,523558
4063,13253239
4067,160076
4071,74493
4075,109858
4076,67780
4084,250703
4086,319213
4087,245381
4091,609800
4092,77465
4094,103978
4097,105741
4098,17409
4107,170682
4111,78239
4122,41474
4123,71928
4130,59000
4132,346453
4134,50932
4144,20478
4145,492575
4146,365549
4147,613819
4148,145714
4156,249003
4160,327157
4161,72521
4170,250009
4173,232491
4177,63644
4178,525194
4181,231346
4185,139778
4187,202597
4190,1072614
4193,97702
4196,113189
4199,108336
4201,2468717
4204,77816
4208,164323
4209,43570
4211,398672
4214,32160352
4217,42103
4218,374627
4219,282118
4222,46715
4228,193922
4232,81369
4235,196625
4236,289596
4239,5802485
4241,123933
4255,3842089
4256,1678542
4288,354249
4290,231089
4297,286080320
4318,200034
4319,431653
4324,298553
4360,3133166
4364,314816
4365,7178756
4382,2907949
4398,113198
4405,96611
4419,353997
4432,243295
4433,1238947
4439,400087
4440,72097
4444,241631
4457,42154
4464,151066
4465,408950
4471,64294
4476,42080
4477,83522
4482,82535
4494,33306
4506,952870
4511,211433
4514,115051
4519,358616
4526,154333
4533,920030
4534,1886572
4536,1763908
4537,2567353
4539,373499
4540,477027
4546,234069
4549,466578
4551,187679
4556,81284
4569,418245
4598,103056
4611,127078
4619,419043
4621,98743
4624,96859
4626,113220
4630,80277
4636,137802
4638,94518
4646,169289
4649,61952
4652,32111
4654,57761
4660,113281
4664,97033
4666,1091773
4668,42481
4672,81496
4673,649218
4675,96830
4678,173850
4683,13905
4690,83069
4693,54196
4697,701663
4702,969397
4705,791951
4707,226175
4717,319946
4722,110033
4728,25947
4735,114458
4736,95526
4738,194031
4739,138791
4746,300185
4748,60436
4751,475515
4752,56716
4756,209434
4760,99926
4766,101040
4767,1881666
4769,122785
4770,56406
4773,197550
4774,34888
4775,105998
4778,80514
4779,309701
4789,1573889
4791,181798
4792,81784
4794,78007
4796,60647
4799,4635908
4801,437234
4829,324490
4832,1133026
4857,1296916
4865,5079731
4931,619095
4945,149420
4951,252735
4952,495232
4958,209673
4960,112276
4972,1598928
4977,28351811
4988,13350429
4993,1315467
4999,9515975
5005,291404
5006,269171
5015,295806
5018,278628
5019,639528
5033,378516
5058,591113
5062,321490
5072,351119
5074,268928
5076,49295
5087,83886
5090,79402
5093,675849
5095,243565
5097,212213
5105,24253
5107,67722
5110,32965
5113,82215
5115,53517
5116,109446
5117,83532
5123,477650
5130,80497
5131,114612
5136,268433
5141,63695
5142,30348
5146,9266420
5150,35866
5151,395246
5162,114194
5170,818053
5175,19269
5180,90965
5186,165165
5190,99576
5193,414404
5196,30002
5197,90734
5198,201238
5214,91195
5216,566756
5218,174907
5219,279163
5221,62520
5223,242927
5229,200971
5232,23657
5247,197699
5249,218946
5252,205994
5268,57648
5269,515655
5270,132992
5271,306339
5278,44844
5280,294620
5283,126210
5285,1148368
5286,395570
5295,315354
5296,29070880
5297,194122
5304,1313174
5306,479297
5307,464233
5317,198980
5325,131022
5331,155319
5335,403503
5336,157074
5337,238085
5347,344014
5352,71777
5357,201689
5358,135949
5364,284728
5365,131745
5369,113126
5377,72617
5380,22589
5384,144711
5394,266675
5396,150606
5400,148616
5401,118773
5405,82709
5406,46874
5408,59969
5410,196236
5415,932952
5417,260312
5422,72222
5424,201734
5425,24183
5432,293790
5434,335929
5438,74695
5439,146978
5442,352030
5447,34010
5452,18938350
5460,131818
5469,180229
5472,254129
5473,233229
5475,85197
5478,46965
5486,217034
5490,147467
5495,322166
5496,1490790
5510,30223311
5518,58164
5520,47763
5525,170195
5529,647664
5531,346962
5536,161625
5538,166886
5544,627298
5546,56366
5548,196269
5551,1364695
5557,85249
5558,197154
5559,57272
5564,118532
5567,356687
5568,419146
5569,272102
5574,835347
5575,222529
5580,70869
5589,92490
5590,136908
5593,60179
5595,219694
5598,874684
5600,188992
5602,228814
5605,53077
5608,132358
5615,714212
5619,15342
5623,185260
5624,76853
5628,80914
5629,74822
5632,82504
5633,5224675
5634,91436
5635,215446
5636,115695
5649,91146995
5673,533143
5676,477110
5677,201768
5685,413936
5686,42759
5694,370568
5699,50989
5704,109984
5709,106102
5716,546069
5722,89207
5730,58661
5740,156959
5744,1018989
5749,230467
5753,98734
5754,213339
5766,4080967
5768,291922
5775,243496
5779,197492
5786,108123
5791,101976
5792,55550
5796,280447
5797,186830
5800,293784
5814,110981
5817,196830
5818,67137
5819,147672
5820,39920
5821,175857
5826,909392
5830,88587
5835,432999
5838,49009
5840,573601
5847,84616
5854,968843
5866,309183
5867,300834
5873,229370
5874,486158
5885,336000
5892,95935
5893,65074
5902,171846
5903,2679507
5907,456361
5956,1086348
5962,464691
5969,1035722
5981,407238
5994,137181
5995,47249
5999,26930
6007,11037
6051,162018
6058,438010
6063,761459
6064,34065
6074,66310
6078,88306
6080,112750
6084,29793
6085,1509567
6088,210552
6091,381069
6100,25381
6101,88528
6103,212823
6104,886905
6110,77475
6123,692944
6128,206307
6137,347191
6139,222818
6149,10194
6156,32497
6158,1576742
6161,1130534
6173,127833
6176,276349
6180,131929
6183,149305
6186,204379
6194,164608
6195,224301
6198,33917
6212,261613
6268,2071751
6271,636997
6275,346316
6280,64411
6354,488512
6384,355999734
6423,2432056
6442,155544
6464,245807
6516,280200
6528,201318
6530,58595
6531,785587
6540,1948257
6544,3420466
6548,441010095
6560,99561863
6574,222521
6584,53118
6592,55278
6600,8422140
6605,668499
6616,293457
6623,1305671
6636,880534
6637,136242
6638,86722
6646,158426
6649,59860
6653,7393408
6659,121609
6662,140825
6671,155292
6672,139776168
6680,58527
6700,164198
6706,136853
6725,160868
6728,84674
6732,107753
6750,404000
6760,241207
6762,92505
6784,5969150
6786,147222
6787,60550
6794,178140
6800,147910
6803,293649
6805,85769
6811,439067
6813,233642
6821,1230498
6837,1669629
6861,558455
6862,716509
6863,273898
6881,1266881
6892,897837
6913,189687
6917,715738
6923,623490
6947,1091291
6954,154783
6959,442206
6976,4054002
6985,2451408
6989,8604114
6990,162034
7018,293674
7025,308430
7031,141412
7072,3510086
7074,2158385
7085,171299
7123,477003
7128,460488
7151,955903
7153,1257761
7213,1349581000
7230,8792872
7274,113352
7278,2091105
7356,306056
7391,372745
7404,982948
7459,349081
7461,480961
7464,1080538
7468,6642231
7472,1194960
7493,983934
7506,1194547
7514,1995179
7526,621531
7542,1134827
7551,10741577
7577,20896
7582,47261
7586,387695
7590,155498
7593,1220069
7598,542947
7599,197948
7609,177005
7613,476712
7614,574019
7631,132833
7646,338814
7658,906124
7659,410758
7666,491927
7675,685487
7714,1054636
7748,1585661
7759,4197406
7774,317970
7789,133464
7799,1228026
7848,844884
7875,690155
7886,259729
7888,21652010
7900,1143568
7907,32211
7909,272999
7910,371669
7946,24452112
7953,121790
8011,1069710
8018,656566
8021,638500
8028,139761
8033,394849
8035,154083
8056,2717742
8058,77268
8063,280130
8067,58789
8074,227061
8083,141020
8094,204741
8097,39001
8101,394665
8108,42553
8110,39207
8117,259228
8118,181113
8120,195406
8121,53146
8122,201094
8126,147306
8128,279449
8129,55438
8136,2002516
8140,103595
8141,859634
8143,85515
8144,80170
8149,892604
8152,1848999
8162,118262
8165,206932
8172,235532
8183,52842
8188,174595
8190,56463
8191,79459
8193,119532
8196,34304
8197,12298
8199,24427
8200,369485
8202,87329
8205,126081
8207,32478
8210,110543
8212,161559
8214,117831
8218,24393
8231,213272
8232,210812
8234,318018
8235,1033732
8243,138327
8250,181986
8251,139527
8252,342402
8254,105712
8255,926698
8259,101204
8267,113186
8268,67461
8270,189893
8273,20399583
8274,143481
8276,65367
8282,158083
8283,176172
8295,175636
8296,172774
8317,129310
8321,109716
8322,220523
8323,18163
8333,53620
8350,91072
8354,197269
8355,81244
8383,84134
8386,143095
8387,305326
8390,69372
8397,42965
8403,82674
8405,1128634
8421,391711
8426,982799
8432,742856
8439,369502
8468,2178057
8472,215433
8487,132930
8491,160657
8492,36460
8494,99371
8499,77270
8500,138739
8503,69603
8506,213454
8507,56324
8510,87250
8511,131051
8513,71173
8516,50750
8519,36534
8522,106675
8526,282890
8527,515466
8531,211403
8532,102354
8533,151296
8534,293508
8535,59654
8536,169121
8537,268406
8541,105875
8542,93497
8544,274641
8545,204313
8546,207029
8552,294377
8556,65511
8558,59038
8560,106641
8564,90088
8569,87966
8572,73418
8576,448132
8584,59468
8594,43945
8595,116083
8604,41981
8632,63893
8637,248256
8640,96568
8642,72416
8647,108643
8660,741265
8661,36023
8663,3275430
8665,86710
8668,745061
8672,42632
8675,1249631
8681,45336
8693,96541
8695,203153
8698,537230
8700,72343
8714,148892
8718,168463
8724,55558
8725,46746
8728,16678547
8730,62218
8735,127813
8738,394561
8745,500394
8751,228239
8752,153828
8756,62060
8758,47808
8760,106210
8761,274766
8762,112554
8772,302036
8774,858209
8775,131300
8785,351190
8798,330878
8799,77661
8800,273078
8807,269194
8810,512231
8811,561789
8813,366980
8816,462647
8821,146175
8822,43838
8824,149900
8827,79465
8831,93436
8833,77439
8840,57349
8842,91961
8843,262559
8845,46769
8848,60895
8850,266713
8851,43590
8853,254731
8857,23555
8858,46635
8863,85193
8864,44799
8865,49398
8866,1620732
8867,166675
8868,2023593
8870,927725
8871,48573
8878,1051928
8879,797048
8884,158215
8885,50712
8886,331632
8888,1387653
8889,546692
8892,424225
8893,29765
8896,77177
8898,289845
8903,451796
8904,843697
8908,63479
8941,544849
8942,121091
8943,107623
8946,31319
8975,81680
8980,214708
9003,36049
9005,104219
9007,76431
9023,382308
9024,128306
9030,106147
9035,67898
9036,85584
9037,329788
9042,68163
9047,379652
9057,88111
9064,284134
9068,209058
9069,192042
9070,42829
9079,218173
9080,180105
9087,5478967
9092,865783
9096,86146
9099,417132
9100,586269
9102,16858
9104,50297
9105,124888
9106,48299
9120,40539
9121,73031
9122,55703
9123,960808
9127,20445
9128,39243
9137,193848
9139,669841
9155,369709
9168,310236
9170,475676
9172,211309
9176,493938
9179,83625
9188,36871
9189,52946
9196,90078
9199,152456
9204,978515
9244,223448
9245,239176
9259,144785
9260,493573
9263,430915
9264,56785
9265,102576
9273,70759
9274,45330
9288,666222
9293,153127
9295,32731
9298,553830
9299,222663
9300,70232
9306,118828
9307,148261
9309,246801
9310,144787
9313,113200
9314,944545
9315,124197
9319,392452
9320,170833
9322,337398
9323,141063
9325,242509
9326,169645
9327,286187
9328,69217
9330,81105
9332,90656
9336,69265
9337,68656
9340,61753
9349,35909
9351,37808
9354,30612
9356,140820
9359,366916
9366,284312
9369,302465
9374,19617
9377,23245
9378,186818
9385,92742
9387,749472
9388,144030
9392,152646
9396,22827478
9406,18535
9410,461536
9417,34864
9420,149364
9422,42163
9423,1174850
9425,29594
9437,433141
9438,17958
9439,60426
9440,32535
9443,780740
9450,175176
9457,556524
9462,133614
9463,436236
9465,311929
9467,48728
9472,257217
9486,208528
9489,163813
9499,105397
9502,31273
9507,359543
9517,110107
9523,91252
9526,85414
9529,174546
9536,342935
9614,16532
9615,97871
9620,315859
9622,2823693
9631,126538
9632,360718
9647,446817
9658,56584
9659,94569
9661,63738
9665,397420
9668,84903
9669,79022
9672,66858
9678,471779
9712,7707973
9719,346751
9727,57896
9728,61435
9733,21567
9735,99776
9737,387051
9745,148969
9746,140058
9747,49779
9751,387326
9752,34936
9757,186580
9760,271931
9764,23859
9769,74238
9770,275949
9773,93122
9775,158146
9777,138300
9788,223666
9791,131370
9793,230751
9794,176758
9797,23402
9803,229081
9806,49529
9811,71721
9812,48499
9818,74892
9819,49775
9822,76586
9831,302006
9846,214433035
9860,46806
9865,45657
9871,323891
9875,45916
9879,46373
9881,82627
9882,108182
9888,640728
9889,1032014
9923,615896
9932,155117
9933,49171
9935,89504
9947,68613
9950,65629
9963,978809
9967,273293
9973,135379
9978,1519961
9986,57134
9997,288032
9998,150942
10002,334873
10004,79667
10007,260845
10011,202842
10012,171841
10015,95986
10044,1997501
10045,169368
10055,102369
10057,85637
10072,124845
10074,48717
10075,35324
10077,36612
10080,101760
10101,207374
10111,247809
10114,118117
10118,177209
10120,35994
10121,150056
10122,159088
10123,52337
10125,120683
10127,170301
10132,111226
10137,173353
10145,27822
10146,983700
10157,233617
10159,233328
10160,72589
10162,68817
10163,129140
10165,216345
10167,199650
10168,290910
10169,101579
10171,121432
10174,65874
10175,132632
10176,79747
10178,64077
10179,97136
10184,120187
10185,43150
10187,43415
10191,132668
10192,295736
10194,116715
10196,68459
10197,30775
10198,84603
10200,27675
10201,67490
10202,46333
10208,48645
10212,176423
10214,526875
10218,217172
10236,119561
10243,74609
10248,2262003
10249,338987
10250,113993
10253,68886
10255,494998
10266,189198
10280,108485
10306,43726
10307,919807
10308,467573
10315,75711
10317,205740
10318,326245
10319,102396
10327,65061
10330,70581
10334,6221
10344,319048
10345,103350
10352,38049
10359,3132258
10363,1444712
10374,95366
10375,142528
10378,262618
10380,198568
10382,144103
10383,340482
10384,176301
10407,100773
10434,212742
10437,47498
10438,164163
10439,82577
10446,62812
10458,87183
10460,194254
10463,33186
10464,81759
10467,166573
10469,40792
10471,19264
10473,114015
10474,249422
10489,24201
10492,83596
10494,115496
10497,119008
10500,135047
10502,95449
10503,68027
10505,130171
10508,64298
10514,48049
10520,135250
10523,345649
10528,120884
10531,160705
10532,189943
10533,158106
10534,324724
10559,48263
10561,125772
10567,30769
10568,75625
10571,102412
10576,101591
10582,23804
10588,114283
10594,134762
10595,171234
10597,33850
10608,243883
10611,20238
10618,444180
10619,1280492
10621,235399
10623,88972
10626,31894
10628,107423
10634,4372911
10635,12037
10637,98776
10639,146028
10641,43748
10643,233729
10644,28378
10647,42956
10653,47891
10663,399525
10667,930320
10672,95089
10674,118868
10677,504228
10678,393650
10685,404500
10688,263308
10693,289923
10704,42409
10709,187204
10716,31385
10719,273541
10730,139855
10734,136726
10741,64636
10781,660704
10788,116847
10791,196550
10799,106119
10802,61679
10803,21785
10804,105935
10809,41209
10816,64659
10820,51583
10821,78283
10825,181866
10828,224242
10829,170002
10831,245980
10840,21802
10843,33892
10844,208065
10845,134959
10849,203973
10853,194642
10855,85456
10858,81402
10860,113092
10871,71385
10872,20190
10874,17324
10878,38507
10879,169490
10883,57076
10885,17796
10886,303996
10887,489505
10896,20833
10903,242849
10906,71461
10907,279288
10916,106146
10918,230075
10919,92283
10920,181289
10925,60400
10928,124301
10956,328148
10957,94408
10958,560540
10960,71066
10962,221648
10965,105727
10967,119176
10969,37997
10971,65524
10973,588309
10976,206888
10980,96529
10982,32065
10984,123579
10987,70526
10988,1906182
10989,143196
10991,73103
10993,62210
10998,176380
11000,644692
11002,133681
11003,73768
11013,131052
11023,46452
11035,3877330
11063,32814750
11106,1527245
11112,1068004
11113,459757
11116,480698
11124,6920615
11133,47930
11151,1358684
11159,341819
11175,27732
11178,152973
11181,98700
11200,483134
11225,101996
11228,315246
11232,117813
11235,57420
11236,639682
11241,9793959
11242,118985
11243,129938
11252,159293
11256,77939
11259,84214
11261,37315
11286,460301
11295,180557
11299,205830
11300,19392
11301,452173
11302,27986
11306,519603
11307,244770
11310,255647
11311,27102
11317,89372
11319,47939
11324,67387
11329,43819
11343,50196
11347,314361
11348,139674
11349,149674
11351,28692
11352,61773
11355,92543
11358,190469
11406,703318
11407,309562
11409,103558
11411,54685
11415,133680
11417,28070
11423,212874
11431,248872
11432,72324
11438,532196
11444,692703
11445,108530
11446,95432
11448,275619
11457,119234
11459,396419
11462,119572
11463,124545
11465,55968
11466,96995
11475,57227
11477,170535
11482,252974
11483,16241
11491,356769
11492,315108
11501,448676
11506,717626
11507,1828990
11519,184223
11521,136031
11522,454283
11526,278739
11527,52673
11539,319866
11557,255101
11559,475735
11561,2191252
11569,713836
11570,25299
11578,2962007
11580,562446
11582,157324
11584,1397911
11595,395878
11601,179985
11603,177419
11608,203284
11623,170842
11634,104267
11666,1322280
11667,123968
11669,172993
11670,616717
11671,141630
11674,131172
11680,127655
11681,16465
11682,76519
11686,87273
11694,326324
11699,113119
11702,220742
11706,65907
11708,217378
11711,229923
11715,69683
11716,18307
11719,90779
11722,381669
11726,100583
11729,652287
11731,28675
11732,156590
11734,181659
11739,432933
11741,194436
11746,104707
11747,203980
11750,106628
11759,93191
11761,31112
11763,454462
11764,79600
11767,258728
11771,528337
11772,278685
11777,333020
11778,181923
11782,180914
11785,186860
11788,125570
11792,157792
11807,614359
11810,195042
11813,14723604
11817,60705
11821,88853
11823,155818
11860,498642
11862,131951
11866,3404754
11868,794650
11886,466551
11891,39886
11902,133811
11903,136808
11904,136450
11905,128514
11907,138456
11916,71201
11922,148501
11932,113142
11934,33167
11935,613463
11939,109020
11952,342939
11953,250718
11971,1754525
12010,9500278
12013,1770349
12017,506550
12054,6414401
12079,133967
12082,665016
12086,21250
12087,183869
12091,52018
12098,23375
12104,115239
12107,51743
12113,361242
12121,44275
12126,125490
12128,104321
12135,71824
12136,92630
12139,36308
12149,179206
12162,133346
12163,229984
12165,414485
12166,216678
12181,1356363
12186,204075
12193,96056
12195,129380
12201,224575
12203,564326
12204,1024898
12206,229794
12207,115159
12208,245473
12214,166740
12219,362957
12220,82879
12223,351524
12225,35098
12226,57518
12229,6183870
12230,199386
12231,106418
12232,114454
12236,124225
12241,347761
12244,130560
12246,44714
12248,280899
12249,49653
12258,339060
12259,290082
12266,256153
12283,96737
12284,17567
12285,212604
12293,22278
12298,76889
12299,740424
12303,149401
12305,113019
12308,69230
12309,109206
12315,146312
12322,345561
12325,83355
12327,285676
12331,256500
12349,112588
12354,55377
12355,75364
12365,211708
12368,125042021
12372,73202
12373,210642
12383,1443000
12384,143747
12386,216083
12388,100500
12391,36364
12395,97192
12396,343749
12402,99406
12406,1252805
12408,22136
12410,135079
12417,60258
12422,59237
12425,10606
12426,138511
12432,29646
12437,8680571
12438,70380
12441,23887875
12444,57748
12457,70404
12484,480656
12485,155633
12493,228968
12501,889311
12504,114531
12506,718392
12511,161800
12512,79864
12513,106741
12514,314386
12515,200106
12517,1096290
12518,100203
12531,175748
12549,67151
12585,26960
12591,514412
12592,321180
12594,383790
12602,177797
12608,249875
12609,242528
12610,580430
12611,573257
12614,4055768
12616,336517
12617,139110
12627,601332
12633,2684312
12661,89104
12694,107243
12699,308724
12706,153517
12716,123406
12717,88916
12722,55555
12745,23933
12757,54305
12758,44007
12761,409577
12769,1216919
12773,1629808
12781,271618
12788,423497
12814,736211
12815,588525
12828,506542
12836,142499
12839,1612900
12854,3483848
12855,850565
12857,160837
12858,379440
12859,53058
12865,57790
12869,175168
12874,753621
12885,254652
12893,55202
12899,91083
12921,112412
12923,11496234
12936,516296
12944,901349
12956,141974
12959,220227
12969,631716
12978,468164
12980,66644
12982,1375455
12985,249391
13000,185621
13006,216457
13012,2377540
13017,122162
13018,53642
13020,228031
13022,79104
13023,1065715
13025,281622
13029,50083
13030,77771
13032,186338
13033,178986
13046,199119
13054,53782
13055,708761
13058,185540
13063,1091147
13068,315151
13071,506652
13080,135475
13083,358673
13102,4276959
13104,83272
13107,500923
13109,495854
13111,152210
13112,200643
13113,173980
13130,349453
13150,1087325
13157,212480
13167,115775
13179,263423
13195,135779
13196,64253
13198,821061
13206,62053
13209,172630
13216,341635
13220,482169
13232,413506
13240,444451
13242,166510
13249,120874
13251,58652
13255,666147
13264,309019
13274,137713
13290,298085
13292,1394389
13297,857231
13303,317715
13305,296481
13339,814700
13341,817722
13366,273805
13380,86012
13381,106372
13382,117985
13397,1066042
13407,343215
13408,783786
13411,210038
13413,44949
13415,51913
13416,53552
13421,3595637
13425,8896533
13430,125005
13450,79642
13454,367694
13551,58170
13561,244519
13565,344813
13567,49439
13578,20328
13580,108285
13582,29895
13584,51777
13585,41252
13599,248184
13600,101411
13603,42033
13611,28004
13616,108297
13622,462452
13625,200256
13632,236041
13652,163607
13654,159090
13656,205894
13662,120402
13669,56789
13680,46165
13692,104212
13696,16742
13697,35844
13703,395493
13710,41952
13712,330714
13715,70167
13716,786401
13718,9107567
13729,13841
13735,191122
13736,62973
13737,201818
13748,109613
13753,195829
13774,42797
13775,138101
13784,98531
13787,84177
13788,62133
13794,89334
13798,97691
13801,138054
13802,61130
13809,137798
13813,87516
13816,124978
13819,101824
13821,231210
13832,38897
13838,408714
13841,56603
13843,307802
13853,170207
13868,467308
13876,2552932
13879,1608296
13881,324937
13883,107542
13887,144407
13892,229663
13897,213104
13902,19918
13905,169868
13915,80647
13919,355358
13926,28546
13931,35576
13946,147887
13947,236661
13951,486730
13953,570641
13955,126611
13956,31454
13957,55323
13959,31041
13960,37035
13962,88358
13983,83460
13986,56417
13990,32176
13999,28466
14009,277203
14015,24087
14017,282903
14024,39800
14025,197580
14026,64824
14028,1497639
14029,310636
14036,236414
14051,86786
14056,191138
14058,107975
14061,40758
14065,849015
14069,36536
14073,570063
14078,664353
14079,520559
14083,8198
14084,18779
14095,66998
14096,39046
14113,250413
14134,652035
14136,162631
14140,904883
14158,690498
14168,254301
14178,72019
14184,255455
14185,346658
14195,253563
14200,128566
14207,950755
14208,130129
14209,727295
14222,416892
14225,101120
14230,145242
14240,884984
14247,153825
14251,83827
14260,58289
14264,491926
14266,585996
14269,331605
14275,96545
14276,190743
14281,70507
14291,81058
14293,96285
14311,167677
14312,286186
14315,59730
14316,63489
14321,49794
14327,257431
14331,313171
14333,366403
14334,302169
14344,37099
14345,119032
14349,102060
14352,117674
14355,247221
14359,986486
14361,216651
14370,397603
14382,803890
14392,137256
14399,73267
14400,21656
14404,42041
14410,352166
14413,118594
14415,101270
14420,191720
14427,242212
14445,373416
14468,144197
14488,171883
14491,135549
14492,348135
14507,340374
14513,241949
14521,1146128
14522,221604
14523,97870
14531,3928287
14534,140374
14546,340825
14556,67175
14560,85162
14561,86153
14562,726004
14567,332272
14574,43946
14578,678717
14581,58644
14583,278430
14584,210532
14587,193069
14597,233537
14604,115210
14619,136232
14629,264747
14633,430978
14636,53398
14639,41510
14642,176308
14644,526616
14646,654038
14649,91421
14650,2654140
14660,406202
14662,192819
14674,201348
14679,382675
14690,194676
14692,320779
14694,63468
14695,287179
14701,98204
14704,260385
14705,160533
14706,71575
14712,926222
14720,376529
14722,175124
14730,274494
14731,100073
14735,191665
14744,153547
14749,137995
14761,193605
14769,446290
14772,155841
14773,110754
14775,71423
14776,109477
14778,868227
14779,205960
14785,59083
14801,444654
14807,171159
14808,1035753
14809,135424
14812,441498
14816,978451
14820,22687
14836,269870
14843,3071584
14851,889781
14853,31074
14857,205083
14863,307146
14864,98069
14867,229648
14868,92012
14869,493338
14883,229316
14885,517809
14894,127055
14898,125264
14899,206099
14904,97472
14907,63177
14911,183837
14912,90199
14913,583298
14914,71539
14920,76659
14922,277419
14924,500831
14926,52868
14929,427927
14930,147781
14944,17869
14952,147146
14960,68402
14966,333340
14969,722905
14974,260380
14980,105206
14982,87886
14991,157957
14994,173190
14995,453458
14999,53219
15009,9835
15010,123689
15011,71272
15019,3613858
15032,665434
15035,92831
15038,120813
15046,278823
15050,267893
15057,46884
15059,243478
15064,165216
15078,59709
15085,462609
15091,877649
15092,101944
15098,29719
15101,73338
15104,229817
15105,70095
15111,188805
15113,82185
15118,337051
15121,244998
15123,37461
15126,151379
15136,481178
15142,172034
15146,105142
15149,478688
15152,76106
15158,171170
15164,163252
15165,131807
15173,50843
15174,112684
15177,234071
15185,128461
15186,25025
15188,33592
15194,202331
15200,413054
15205,61915
15206,426482
15214,91325
15216,82578
15219,1497697
15228,93562
15229,1275269
15237,76746
15242,241082
15243,651907
15249,107247
15254,22803
15255,53858
15258,59798
15259,95057
15261,120835
15264,232036
15270,26595
15271,271589
15272,288451
15282,125213
15285,31206
15286,288979
15289,11418149
15300,397012
15305,316595
15306,128219
15308,40259
15310,1581205
15311,138553
15312,97207
15320,65736
15321,415839
15323,255861
15324,526705
15326,56100
15328,69391
15333,118851
15334,250963
15336,158011
15345,242592
15346,52521
15347,107466
15348,51048
15355,100473
15359,2459720
15362,59085
15364,59076
15367,129998
15369,41695
15384,280788
15399,2789402
15405,173226
15414,100636
15415,94574
15423,202888
15426,93898
15427,124727
15431,36247
15432,98722
15437,642654
15440,67501
15441,73684
15442,41800
15443,340955
15444,596493
15460,44271
15463,193095
15465,503319
15466,383317
15469,44760
15471,58407
15472,192014
15477,277472
15478,249913
15480,104469
15489,378586
15496,438903
15501,83049
15503,384785
15510,235386
15511,1013567
15519,124247
15523,174927
15532,75601
15539,182364
15545,738781
15546,132307
15547,64301
15555,747213
15562,645392
15565,669149
15566,169558
15572,760126
15575,43167
15578,57556
15580,129123
15584,591734
15585,93932
15586,238581
15590,180575
15593,54095
15597,53827
15598,135106
15604,96366
15606,72846
15608,473178
15610,199994
15611,140985
15614,1834848
15621,57792
15629,153531
15632,494605
15651,160739
15657,213904
15663,811099
15664,156419
15669,298586
15671,262015
15673,211683
15675,203527
15684,476482
15687,149847
15690,381111
15695,80564
15697,5739333
15699,282734
15701,124603
15703,288624
15708,179333
15714,385168
15728,763317
15729,177355
15731,33403
15734,218606
15738,83237
15741,94727
15744,74269
15749,42084
15751,32543
15752,955421
15759,52895
15760,325292
15762,29734
15763,160269
15767,26090
15771,458846
15772,159985
15774,85498
15776,39305
15778,69445
15779,264692
15784,50342
15787,46358
15792,63468
15797,3529475
15799,281720
15801,295966
15804,130524
15808,377911
15809,937100
15810,42199
15813,132594
15815,2134899
15817,17522
15820,82559
15821,65965
15826,112734
15830,187441
15839,106542
15847,63085
15851,110951
15853,22796
15871,386476
15873,125106
15880,125516
15883,397099
15898,322004
15899,141481
15904,66569
15907,136586
15908,146535
15912,969160
15913,143250
15928,84284
15930,28110
15932,429706
15934,255071
15939,79238
15945,240469
15947,344199
15953,707682
15966,374987
15969,326345
15970,817813
15987,523026
15990,635649
15995,1241106
16001,573573
16012,5990287
16022,45524776
16026,5347525
16030,249520
16032,722402
16039,243005
16040,273384
16068,12947681
16075,350405
16079,146761
16082,56370
16094,49114
16101,419434
16103,44505
16110,38657
16111,488835
16114,104930
16116,147015
16119,214766
16120,88771
16125,367248
16126,152300
16127,444794
16130,3609848
16151,68601
16152,123667
16154,59075
16160,981468
16161,105132
16162,167360
16167,72535
16170,64483
16175,594859
16176,116256
16177,99098
16182,52506
16185,76326
16187,134253
16188,24036
16191,3229259
16193,34869
16198,70216
16201,145466
16216,982985
16221,313292
16222,62878
16228,99188
16231,201813
16239,191721
16243,382103
16246,235235
16247,26700
16249,263757
16250,1557778
16265,473213
16275,75666
16276,330862
16281,24935
16282,45330
16283,99486
16288,80539
16307,326942
16308,130435
16318,58285
16330,32030
16332,232960
16333,137052
16334,134705
16339,105276
16344,50942
16347,71014
16363,36563
16369,125037
16370,114172
16375,337385
16379,40627
16386,72771
16387,71773
16389,634616
16394,43798
16395,62205
16396,74817
16400,1083751
16402,729722
16410,83136
16413,75390
16414,185784
16416,384812
16417,114418
16418,531254
16419,134722
16423,28001
16432,39870
16436,263270
16438,273190
16440,116277
16442,258918
16448,75374
16450,5382961
16453,104990
16464,240829
16470,1781914
16471,38263
16472,15782
16473,137260
16477,48771
16479,89198
16483,83135
16495,68300
16501,920683
16511,92947
16516,14666
16527,53815
16539,378670
16546,806845
16547,127046
16553,768327
16561,21141
16567,57732
16571,106169829
16581,41481
16583,9741
16584,39030
16585,27300
16590,156404
16595,459989
16600,132517
16601,126668
16603,42762
16604,1338709
16606,2326795
16607,20110
16609,29456
16612,208857
16620,257132
16629,217665
16635,52732
16636,823875
16643,49893
16652,332918
16656,94601
16659,409154
16664,617884
16666,493226
16667,58550
16673,182414
16689,399704
16695,239867
16704,137189
16707,126092
16717,55507
16718,143611
16720,194511
16723,452513
16733,256189
16744,18893
16748,202100
16752,49013
16753,462426
16757,343316
16778,29185
16780,128134
16788,49702
16795,31770
16803,440526
16810,613506
16817,378123
16820,386590
16825,225390
16835,22318430
16840,85375
16849,702959
16852,202601
16854,120795
16858,473932
16859,122458
16863,286490
16866,125508
16868,26720
16889,10694612
16891,576228
16895,156911
16897,255263
16900,76416
16905,23747
16906,48470
16908,49701
16910,139321
16916,77213
16921,43229
16924,339781
16934,59523
16940,550432
16941,63020
16953,34017
16958,1615610
16959,52833
16968,297274
16970,284550
16971,224396
16976,322753
16980,3284863
16982,510263
17001,49379
17009,156485
17011,349516
17040,486955
17047,58696
17062,49147
17068,413859
17073,75311
17077,606605
17089,325302
17093,624399
17094,143064
17096,78830
17108,429946
17114,29900
17115,529825
17120,534367
17122,27068
17123,510339
17126,84829
17128,170079
17138,16525
17145,608445
17159,1085815
17160,34023
17162,503997
17169,122259
17174,28911
17180,827272
17190,103856
17193,86995
17205,38366
17208,122033
17211,751060
17214,251044
17224,243711
17229,278081
17230,553258
17232,55998
17233,983124
17241,128134
17244,192729
17259,110235
17262,376923
17266,24798295
17280,384100
17281,46120923
17282,601645
17302,177411
17308,5374620
17317,159815
17320,398756
17323,2120614
17327,222942
17347,71902
17348,165734
17350,64539
17355,48979
17356,28002
17369,110623
17374,134174
17375,36971
17388,326446
17393,2953338
17395,24118
17399,129622
17401,33959
17403,37791
17410,61466
17411,173339
17431,152113
17437,2288868
17438,1121439
17441,14470
17443,256751
17444,7933
17445,380872
17446,73044
17450,34336
17451,114238
17452,42310
17453,313563
17470,1476089
17474,109364
17476,382632
17477,602564
17478,259463
17482,3363684
17484,2238145
17491,9590382
17509,876431
17513,114893
17514,1460400
17524,198521
17534,134362217
17543,99420
17551,42180
17563,543438
17569,16812
17572,199545
17573,18010
17580,400104
17587,75717
17588,378304
17589,15421
17598,413046
17602,34206
17603,179258
17607,40013
17612,608513
17614,811764
17621,53552
17622,182309
17629,42817
17632,16444
17633,1255965
17636,252661
17639,229129
17643,342854
17650,131871
17652,18528
17658,1092604
17661,83493
17671,105749
17672,434471
17676,328744
17685,66009
17687,506436
17690,70712
17691,933192
17713,92086
17719,36357
17733,117920
17734,91532
17735,3946566
17736,334444
17739,394581
17741,449079
17743,878375
17748,1031506
17749,844535
17751,901857
17759,52467
17764,1141917
17767,205049
17769,263394
17773,112556
17775,96342
17782,88875
17797,608836
17798,3922955
17800,305966
17809,723263
17811,271854
17813,50365
17825,15687
17830,134955
17832,159992
17838,6726530
17841,130920
17842,2293466
17856,194404
17863,373051
17870,3405811
17872,107421
17874,894581
17878,75814
17880,266667
17881,39347
17883,87884
17884,275594
17892,209822
17897,863954
17903,329445
17906,205818
17909,81136
17910,609520
17913,108852
17922,64309
17927,99369
17933,510549
17937,458322
17943,4566523
17950,169115
17951,439516
17953,170038
17959,232403
17960,800491
17964,950371
17975,90425
17979,144164
17982,8443
17985,19610998
17993,100214
17995,37463
18001,73031
18012,1429213
18013,1549407
18019,101100
18028,282325
18030,377150
18031,466016
18033,98344
18038,391552
18053,16465626
18059,1097757
18063,21860
18067,23612
18071,69557
18072,139293
18074,15680
18089,25770
18094,32430
18100,903681
18101,43767
18109,82591
18118,105336
18120,145051
18124,87497
18129,1424530
18132,182802
18136,74978
18143,335397
18145,59924
18149,1790645
18150,252470
18152,61295
18155,196848
18164,83694
18165,77025
18171,294266
18185,658300
18190,2205675
18194,665253
18198,1206170
18199,1139824
18200,824299
18203,6584834
18204,1517698
18208,2837496
18209,240748
18213,1509339
18214,1543582
18216,134644
18221,26054251
18223,157644
18227,271455
18229,363885
18237,269682
18238,1044271
18240,509898
18258,958131
18265,78979
18266,1693236
18272,600379
18282,125097
18284,109170
18292,61859
18296,668541
18297,5559098
18301,111778
18302,28929
18342,46021
18344,218594
18355,1367985
18356,121663
18361,342026
18374,242469
18378,66929
18380,94691
18384,150141
18385,207306
18389,413936
18394,98962
18400,188189
18402,1271310
18408,3630633
18409,269030606
18418,177475
18429,3306991
18431,411456
18443,472530
18448,93561
18454,86517
18463,37519
18467,936531
18474,175610
18483,26942
18487,734403
18489,704228
18503,14483815
18508,91321
18509,2243812
18514,228209
18518,96524
18519,281470
18525,15914
18528,91447
18545,1249501
18561,844854
18564,163815
18566,192367
18568,32674
18569,827353
18576,276245
18584,399364
18592,281306
18600,148253
18609,853324
18610,311899
18618,2613381
18620,151681
18621,170469
18626,488321
18637,208832
18641,207204
18660,243184
18677,53420
18698,256226
18710,143722
18714,16987318
18719,42488
18724,19203
18734,222952
18740,403797
18748,354835
18761,93329
18767,1219098
18780,142562
18799,1418695
18812,2127161
18815,476411
18820,42096
18838,38023
18841,378848
18855,59502
18856,136111
18858,255008
18879,101222
18880,584653
18885,213123
18889,80341
18892,40095
18895,240862
18900,177012
18922,1425944
18923,137852
18924,12059
18930,107011
18937,20756
18942,36994
18958,72633
18962,828109
18979,454606
18983,1814902
18987,36932
19001,328456
19008,2488919
19011,314125
19024,211544
19027,224979
19048,83640475
19070,348843
19080,2378887
19087,72756
19101,335404
19105,20653
19106,125436
19118,36408
19123,1036582
19125,76720
19143,546114
19163,109961
19184,849481
19188,215176
19195,116042
19200,101231
19212,393911
19213,848902
19215,514632
19220,2660246
19222,3667040
19226,255445
19230,39294
19234,113967
19254,388940
19263,220025
19272,212525
19274,132720
19278,71253
19285,257185
19288,556552
19293,32714
19300,3311062
19304,295948
19328,297809
19333,1824589
19349,181238
19351,123337
19354,66900
19358,495997
19371,652412
19381,98705
19396,273852
19401,372726
19416,2957652
19420,225208
19434,582733
19440,169570
19447,184407
19448,465738
19459,1422951
19468,280897
19480,48355
19482,439754
19502,801807
19506,912493
19512,677158
19515,103260
19525,404476
19531,1269811
19532,588505
19536,271694
19540,159388
19544,149206
19559,433382
19573,1406827
19581,4181458
19589,66243
19590,160618
19595,39408
19600,1055909
19603,572149
19608,812188
19628,221887
19629,9767095
19631,845474
19638,212665
19640,249859
19644,382946
19645,66126
19674,190695
19679,220201
19680,49324
19681,237967
19687,88417
19689,124739
19690,1012347
19693,7930
19700,213895
19716,368450
19720,118920
19742,270156
19744,137975
19749,157508
19755,160269
19762,552964
19772,1141911
19774,48992
19788,434873
19795,433653
19796,53658
19800,154190
19806,311224
19809,71269
19813,69277
19819,60683
19827,466864
19829,38726
19836,365311
19842,7420370
19850,489376
19858,1376324
19861,7213778
19899,1688730
19904,222046
19943,4452273
19953,5082672
19954,28240
19977,9272413
19978,211935
19980,283019
20015,892703
20026,423689
20040,234875
20041,99933
20081,166559
20093,387988
20099,389139
20100,156914
20130,403968
20156,777903
20161,523130
20162,47722
20164,999823
20179,234817
20198,463413
20215,115909
20220,169820
20226,194179
20231,721079
20234,8253312
20239,111126
20241,1238323
20250,608667
20268,497823
20279,232556
20281,392264
20296,4453590
20310,477063
20311,374212
20353,381595
20369,2968666
20387,568347
20429,130506
20454,23122
20468,202004
20479,51281
20484,568492
20488,980388
20504,6884999
20537,192723
20568,332641
20624,3296570
20646,35673
20657,33995
20666,266542
20698,285398
20711,382720
20720,639533
20727,718289
20741,1099917
20761,121788
20769,43664
20774,2536532
20776,96773
20818,793220
20828,5339217
20845,493441
20856,625367
20872,156653
20884,1918461
20931,193731
20954,972261
20972,94155
20989,653026
20993,442904
21031,1495593
21050,97588
21074,417322
21083,347800
21085,39477
21090,59730
21111,240104
21121,432192
21122,1095554
21161,229723
21163,136061
21219,66897
21220,516834
21227,338616
21247,405598
21255,34550
21265,1955376
21284,87092
21292,717369
21329,228117
21342,22893
21379,51665
21440,4384678
21448,54634
21455,95062
21463,136105
21468,2947741
21478,19868
21486,158292
21525,171294
21526,118469
21529,51142
21557,135514
21567,54627
21573,1047644
21578,489397
21591,929170
21606,637238
21635,73182
21663,307902
21692,87839
21693,65021
21704,155930
21714,715152
21716,8066699
21721,140898
21728,97195
21752,66702
21761,60456
21784,164503
21805,219584
21807,46731
21809,26793
21837,5789346
21843,6825554
21848,595948
21851,1272083
21868,2905380
21874,145399
21883,435982
21897,67771
21906,588215
21920,225807
21928,226279
21943,4516257
21952,565416
21955,73120
21956,1337179
21978,634132
21988,256360
21995,245464
21998,76630
22015,342681
22020,294143
22034,111765
22039,51082
22040,284452
22046,134014
22059,63124
22065,279156
22070,119728
22081,298752
22086,125611
22090,163221
22092,149391
22134,1000553
22138,167068
22139,515157
22180,873822
22185,74758
22205,14159
22211,415360
22217,65524
22221,847926
22229,56884
22242,145262
22257,1208667
22263,53008
22271,293118
22273,72469
22282,323319
22308,395528
22312,47258
22319,156334
22327,979282
22331,240010
22334,257551
22340,140795
22346,1156062
22350,44482
22354,970874
22355,49343
22358,100116
22366,491732
22370,234535
22373,572928
22381,107636
22394,426067
22396,851791
22398,796492
22407,3071084
22430,115792
22434,223340
22444,1020784
22447,150951
22448,65082
22451,598906
22460,183331
22502,64296
22514,77103
22523,76288
22525,65027
22526,187862
22536,83444
22537,686368
22543,27195
22549,31485
22551,276642
22559,1333885
22567,62511
22578,197961
22597,2032217
22598,66489
22600,180891
22601,61954
22618,371911
22621,107985
22636,152811
22639,123382
22647,26868
22653,1030657
22657,82385
22669,112525
22683,3593528
22717,201723
22738,323652
22739,123356
22752,966100
22756,115570
22769,487113
22811,117167
22826,115552770
22835,49201
22838,77495
22839,74296
22855,99786
22858,9017236
22867,216048
22874,652269
22876,700231
22888,135379
22895,199170
22918,1646855
22925,181549
22939,364655
22942,93792
22946,4231596
22953,8423939
22954,35957
22957,1204745
22959,40043
22964,348086
22971,271207
22993,98941
23007,230496
23030,1442378
23041,890346
23086,435696
23090,237273
23091,3051862
23099,64449
23123,352845
23126,62873
23137,835164
23144,454985
23152,235792
23173,504011
23189,257460
23210,324192
23220,4854481
23222,118106
23242,97991
23244,34381
23257,207122
23270,53282
23275,657404
23286,844476
23287,3117352
23293,1283372
23296,4116265
23298,1146615
23364,14547000
23373,95759
23376,237929
23404,108554
23430,193410
23431,199233
23469,258731
23472,2106010
23473,1492047
23474,2808818
23498,2601871
23523,106482
23524,545130
23537,553662
23546,301949
23551,101030
23597,136638
23620,1388096
23621,9119415
23622,1866087
23623,4380201
23627,4805776
23647,2681854
23702,136183685
23737,528261
23749,274910
23754,273067
23764,162286
23772,585920
23798,234044
23799,987625
23805,122438
23806,441600
23815,183332
23826,656675
23835,42267
23864,240702
23886,434207
23901,2158697
23966,655171
23986,93575
23989,109525
23992,1465409
23998,622694
24015,265662
24038,29088
24045,21848644
24064,90146
24074,1141338
24085,93931
24109,173349
24156,3393766
24170,4695776
24199,120656
24211,59866
24229,2023659
24272,101645
24303,73865
24305,160202
24315,3587055
24332,494690
24334,279504
24342,81046
24347,2179339
24353,397796
24367,45374
24387,2230603
24443,43905
24472,376177
24498,144701
24516,1835973
24540,842546
24551,562791
24561,621502
24563,1230896
24603,330651
24655,651205
24677,149978
24735,44068115
24763,116813
24811,7805799
24823,374048
24829,610935
24865,106613
24867,125712
24897,1023732
24902,60442
24919,546231
24920,1802355
24922,364148
24961,474709
24966,98129
24998,25529171
25054,71250
25065,54846
25093,1288422
25103,2496841
25122,123455
25127,361437
25158,573220
25161,87211
25173,185096
25178,24004000
25247,855182
25249,232999
25258,356329
25260,16785
25267,295352
25268,226776
25291,221721
25328,40782
25591,52774
25620,236056
25621,349343
25644,131416
25648,209702
25651,313297
25665,418065
25668,49314
25679,930241
25703,141912
25726,238018
25738,245945
25744,83677
25749,184664
25750,106777
25752,213634
25795,277562
25796,85514
25803,64891
25849,287953
25851,78695
25858,2191786
25869,146937
25879,1618773
25883,478858
25884,1942897
25886,285969
25890,810491
25894,222259
26021,121785
26181,488575
26185,229634
26189,129616
26191,614081
26217,174752
26218,943971
26219,202022
26223,719092
26228,84765
26240,2258954
26247,1740548
26260,63997
26271,151508
26299,455677
26312,3124808
26323,345855
26333,540294
26336,1006398
26340,125034
26342,3837573
26351,100907
26358,108509
26363,186973
26372,248334
26379,225917
26381,885178
26390,793343
26392,307310
26393,304510
26395,720636
26397,575202
26398,266211
26403,292446
26411,367812
26416,39293
26442,352190
26444,446996
26448,469954
26450,112908
26451,779556
26455,498287
26457,429911
26467,145513
26483,1975363
26484,789025
26487,467665
26499,242333
26511,264190
26512,88896
26513,111442
26516,206727
26517,886585
26519,48502
26520,82908
26522,332542
26523,733223
26530,270194
26536,234482
26539,148025
26542,192325
26543,441375
26549,133314
26554,134164
26555,462069
26556,69522
26559,580980
26564,263149
26567,89976
26570,263050
26575,491430
26576,116495
26588,62014
26590,252797
26591,319973
26600,100444
26601,415651
26602,234759
26605,693450
26610,13435929
26617,88089
26620,513044
26626,403247
26627,442876
26633,424011
26634,513924
26647,3131868
26653,58077
26658,27969
26677,277863
26687,102923
26689,222913
26703,261038
26704,238811
26708,54095
26715,119878
26725,515407
26727,125214
26738,99921
26755,27850
26760,442303
26790,236396
26798,122298
26799,382963
26816,12456
26829,143861
26832,151373
26847,115033
26856,1110805
26871,124470
26876,7434369
26881,129842
26891,201970
26906,616186
26911,120738
26912,414322
26916,494600
26922,345002
26941,28840
26944,190247
26955,242827
26960,60067
26962,2183232
26967,207006
27010,18572
27015,392980
27026,100062
27043,127151
27045,247968
27046,961241
27052,1025950
27053,31591
27054,2660987
27055,126976
27074,740328
27078,889889
27086,334614
27089,472939
27118,167714
27119,343865
27125,3272449
27132,788833
27139,376116
27153,100238
27201,54394
27205,259001
27210,2965499
27211,448025
27219,107722
27226,630619
27233,207729
27235,1847996
27237,4058105
27238,601214
27244,2282585
27254,153273
27267,515151
27269,279432
27280,311055
27286,499053
27290,443258
27314,71790226
27330,978086
27332,1918666
27334,40287450
27351,184494
27362,690467
27381,565172
27385,69184
27389,9103823
27394,578866
27398,142538
27408,2526211
27409,185617
27413,377375
27417,252204
27471,36701524
27476,7005733
27477,56407
27496,185813
27499,11814228
27503,685434
27506,102319
27510,689392
27518,38160
27552,1038213
27556,120603
27560,93710
27567,90881
27572,710252
27574,1837265
27575,17419
27589,3291586
27599,1712652
27601,635539
27614,3810359
27619,893880
27643,240334
27654,410591
27664,452891
27677,2743987
27678,381645
27683,234335
27685,29997
27686,360916
27697,402988
27704,106521
27711,211637
27716,45341
27723,129132
27727,81622
27742,135705
27744,1551078
27752,74440
27757,486420
27760,340073
27763,358089
27767,152034
27774,1952398
27799,314503
27806,271286
27811,2537351
27824,414865
27831,201568
27841,37134
27847,35200
27861,878580
27872,766221
27877,33361
27884,546490
27894,51224
27897,36502
27898,74835
27909,109394
27910,115371
27918,162431
27932,355296
27943,580410
27955,64631
27965,160466
27968,128605
27969,57483
27981,9163042
27989,230161
27993,239636
27998,933712
28035,95272
28060,138270
28063,68202
28068,309047
28080,224031
28085,26705
28088,14885224
28094,1555629
28100,21574595
28103,122623
28105,322524
28114,2190097
28116,1819003
28151,280335
28155,215935
28157,81726
28167,196194
28178,9685479
28186,140825
28191,167834
28208,265538
28211,319242
28213,313993
28217,69487
28222,317293
28246,69895
28262,1770485
28263,434726
28266,59666
28277,222287
28288,69675
28302,77888
28314,50214
28315,102259
28316,772562
28330,21455203
28332,1488525
28346,155266
28348,450013
28349,97243
28359,5189885
28362,799016
28368,376836
28369,74799
28379,119698
28380,778379
28384,85274
28390,68254
28396,623753
28400,733578
28401,344648
28405,1016679
28407,82510
28425,181669
28445,180455
28453,922577
28454,440281
28463,54955
28471,217019
28478,69422
28480,24289
28481,291614
28489,9531252
28507,50724
28513,1787453
28515,306891
28530,390843
28533,691031
28543,124865
28554,155819
28555,109637
28567,403278
28585,71322
28589,494992
28593,398464
28599,596685
28611,42693
28614,306628
28631,129627
28633,1366456
28635,81696
28637,65609
28652,41457
28663,44252
28667,66872
28670,687852
28677,75985
28679,1876569
28684,174456
28701,341926
28703,57472
28706,890165
28708,92085
28710,3851026
28712,153856
28722,4785
28723,37388
28724,216423
28729,249375
28735,143307
28747,265483
28761,205875
28765,4568542
28769,135662
28774,75684
28776,51397
28778,574784
28780,447841
28788,824809
28790,66730
28793,165132
28805,90624
28807,286530
28808,1617391
28812,52972
28818,443788
28834,5116114
28836,338667
28837,179394
28841,404729
28845,585372
28859,365144
28860,99067
28865,796545
28866,4011453
28868,201787
28870,195474
28892,23184708
28894,246883
28905,916921
28908,181757
28914,437678
28918,434116
28924,371591
28925,187520
28930,194372
28934,390874
28942,205297
28949,86798
28963,338148
28983,47597
28989,119421
29005,23168
29009,834251
29011,486562
29012,3872476
29024,118566
29035,343439
29042,681169
29047,714597
29049,71922
29056,408713
29058,1035054
29059,35521
29061,45275
29065,23066
29066,73967
29085,439639
29087,324512
29089,200002
29090,191206
29093,69173
29120,448465
29121,155757
29135,108022
29140,536907
29141,264496
29143,29004
29147,724756
29164,168800
29170,97055
29172,27947
29173,96013
29177,287973
29186,60831
29188,331018
29206,120529
29208,110507
29209,4628017
29224,97961
29227,360634
29231,80341
29238,85835
29241,111558
29268,92279
29281,158021
29282,267183
29293,127426
29294,605441
29313,144915
29323,67279
29331,246279
29332,210698
29345,162715
29357,94574
29379,18465
29384,141184
29399,105724
29426,74263
29430,63186
29439,113379
29449,43689
29471,86231
29476,276666
29485,36655
29486,33811
29488,1633473
29490,18052
29495,116007
29496,162593
29501,7904
29510,239382
29517,97606
29520,1054742
29521,103278
29523,912514
29532,25943
29535,105785
29537,266130
29546,4553702
29548,217169
29566,456271
29571,110254
29577,98015
29578,94203
29582,39825
29597,272209
29613,826103
29617,46261
29620,522171
29624,400207
29627,14310
29632,454732
29636,124798
29637,232751
29645,109581
29646,33164
29657,665880
29661,90929
29663,794611
29670,298815
29672,510122
29675,580068
29676,159090
29677,57931
29679,138693
29683,2215364
29685,43398
29690,300891
29691,75818
29692,323073
29695,205221
29696,105957
29700,239429
29703,112748
29705,141903
29708,1862672
29710,69104
29731,93966
29742,318977
29743,115730
29744,330461
29745,146329
29749,85516
29755,476373
29764,94584
29771,359450
29772,225921
29774,34332
29782,496516
29783,233420
29786,452732
29787,317272
29800,536256
29804,225063
29805,14477670
29809,677913
29813,141904
29829,331361
29831,124690
29835,376175
29838,421431
29839,353976
29842,181498
29845,2459024
29846,293436
29847,455189
29857,34471
29858,74715
29874,263690
29875,674829
29877,458227
29878,204967
29881,254344
29899,42039
29901,90623
29904,310482
29907,170287
29910,94107
29922,983963
29926,126650
29930,168700
29933,141061
29937,236095
29941,623814
29950,83094906
29961,820346
29962,95470
29966,12770
29967,34148
29975,115695
29980,120700
29981,152212
29986,41132
29988,194017
29995,428067
29999,37622
30003,1008937
30011,571689
30012,13155641
30022,461616
30031,18799
30039,900479
30043,49453
30052,1608151
30056,270840
30058,149418
30065,32475
30067,39365
30072,118209
30076,2609703
30084,114909
30085,210055
30090,889605
30099,262446
30103,93496
30111,482547
30117,444119
30119,173351
30121,107197
30125,2647424
30126,105349
30128,46329
30133,177603
30150,195420
30152,27475
30154,306501
30155,505111
30166,77436
30167,273036
30176,36230
30182,668242
30183,135198
30219,186689
30220,93172
30241,12956
30248,144074
30260,381055
30270,209779
30291,47866
30303,1782487
30306,426686
30313,236191
30315,372211
30330,677730
30332,69201
30337,14175698
30339,66335
30350,404059
30357,167844
30358,50272
30364,219305
30367,257915
30387,11906979
30388,106168
30394,700087
30395,52692
30397,538747
30401,1895082
30402,256769
30422,241696
30428,456666
30429,154405
30431,141379
30433,88882
30434,78595
30439,115994
30441,801840
30447,62695
30464,243002
30470,1108497
30492,38662
30516,145683
30519,314578
30526,8913
30530,489062
30544,832651
30547,52381
30551,170627
30570,154908
30585,61142
30595,127016
30615,94756
30618,9752
30619,76297
30637,240171
30656,49116
30664,73872
30680,304458
30688,71123
30692,141894
30698,528339
30704,587683
30707,174373
30720,1463342
30722,352181
30744,45904
30746,35772782
30750,930401
30776,4202354
30788,9433163
30812,293218
30817,439172
30819,175321
30836,1877547
30846,428656
30864,253474
30878,100060
30879,1192036
30889,52650
30895,2000620
30903,1331868
30943,106344
30953,2111141
30954,94806
30969,96786
30976,139014
30985,344189
30987,109948
30996,1089464
31028,263903
31043,173933
31077,168380
31083,119927
31084,990406
31089,92485
31090,33160
31100,812353
31109,44344
31121,214296
31127,105230
31146,190109
31158,190210
31184,334677
31189,744983
31197,70471
31198,152110
31217,269265
31223,741919
31232,62605
31236,350143
31249,150568
31257,103220
31266,34852
31267,56713
31272,135740
31286,973152
31313,1207383
31329,78960
31345,12259
31361,1186502
31381,61779
31390,579518
31406,185245
31409,33124
31410,77313
31443,64733
31445,1292285
31461,758284
31469,6457746
31479,92354
31485,230622
31488,117747
31516,375546
31539,136951
31545,96998
31555,200929
31592,39918
31628,34750506
31694,175365
31711,75469
31713,19762
31723,26418
31762,70271
31774,41227
31823,203032
31840,486071
31864,78690
31900,126303
31905,174884
31928,205604
31936,128177
31945,4865840
31953,1552939
31966,72727
31972,50899
31980,212561
31994,132975
31999,362977
32018,62809
32021,295292
32025,174877
32082,181307
32084,377179
32135,302392
32172,4035479
32178,5061670
32188,77760914
32203,513704
32209,133454
32212,1621261
32232,2163648
32242,629495
32245,7621000
32257,252751
32260,74934
32265,239167
32277,114344
32282,990803
32286,76097
32287,348755
32292,55210
32293,124709
32296,2925022
32304,23411
32306,20730
32307,62615
32325,7602676
32327,88028
32331,130028
32348,101732
32360,345373
32363,570266
32367,784496
32393,164928
32436,253066
32441,207994
32459,204153
32487,60689
32489,6200289
32526,6421357
32527,167221
32532,150027
32541,13980496
32551,946606
32574,2429362
32606,74733
32612,2224199
32629,706240
32647,1451607
32718,755098
32722,669675
32737,435452
32745,253923
32749,3710332
32773,9802061
32779,2023497
32836,77685
32838,317522
32904,224836
32907,76709
32908,75496
32912,1328334
32941,1517851
32957,19668
32968,52980
32974,1529736
32992,129288000
33005,874441
33009,334273
33010,108119
33013,56059
33026,95426
33103,139509
33111,1719305
33114,462338
33119,702041
33124,159116000
33131,110759
33135,234983
33136,389243
33137,167359
33183,55610
33188,1200286
33198,174779
33202,182146
33204,201175
33216,1516607
33306,20039455
33316,376042
33380,256144
33405,821066
33418,476016
33440,1956455
33450,277105
33457,1001335
33458,515164
33470,181378
33492,1062469
33497,311294
33503,1185728
33506,147365
33508,583009
33510,4348628
33511,80452
33527,7395831
33539,3223468
33542,300089
33552,133839
33555,5070046
33565,210261
33568,53612
33616,164837
33639,725312
33645,335525
33646,2401966
33648,5351870
33653,60974137
33656,33591
33661,971410
33664,1638770
33681,8181021
33682,6763349
33686,7997815
33708,531197
33739,220383
33753,372793
33758,1200877
33761,239974
33785,13998
33794,170834
33802,36695
33803,1352517
33805,159468
33806,7882623
33812,250202
33818,80159
33823,285380
33826,9503801
33831,216513
33832,99020
33845,619212
33846,234565
33849,2066735
33851,64852
33855,53000
33859,441217
33860,1989836
33867,1418788
33873,321194
33880,113401
33893,18159563
33905,2570056
33922,199870
33925,109507
33926,186932
33928,756816
33935,4164732
33947,23245910
33954,113152757
33959,176173
33978,306998
33990,144494
33999,509949
34010,853873
34011,1386642
34014,128396
34020,90133
34023,198127
34038,295840
34040,269198
34047,912815
34052,84585
34058,302540
34060,1059144
34068,779284
34069,3685322
34072,739240
34073,1317774
34074,348940
34076,742173
34089,176646
34090,210871
34093,152968
34098,302260
34102,1750952
34106,172425
34108,304147
34110,404272
34116,298985
34120,1218361
34121,777760
34125,517658
34138,143476
34146,163478
34147,2147032
34148,162424
34150,274898
34153,177539
34156,421614
34160,135642
34162,265635
34171,72301
34193,159525
34207,550032
34209,277056
34210,249336
34211,533271
34214,182203
34217,1276073
34221,52958000
34222,234503
34229,290378
34232,90292
34233,211125
34240,146476
34241,629864
34249,199869
34252,767222
34253,264741
34254,975077
34256,215530
34259,514341
34289,274886
34294,711150
34295,1235084
34304,229977
34308,30882
34311,161038
34313,25919
34319,359775
34325,307432
34328,131124
34331,3734
34332,673585
34334,63432
34348,705858
34351,1803181
34352,262161
34353,902280
34363,463284
34383,21689804
34384,362672
34386,70489
34393,92091
34394,198988
34395,1982691
34397,255373
34401,388039
34403,740467
34404,464506
34407,188619
34409,214700
34415,732840
34416,238283
34422,556001
34440,53023
34441,36983
34444,9356731
34445,91501
34455,70798
34456,42110
34457,165406
34460,66193
34468,145282
34478,11086
34488,50443
34489,290087
34496,498242
34507,2380221
34517,202577
34519,2995824
34524,638890
34526,116633
34533,1200001
34535,311368
34548,55893
34553,4173
34562,143047
34565,336903
34566,192327
34572,132467
34573,335242
34585,205671
34589,8402527
34598,3062597
34599,716199
34603,1415232
34606,253167
34607,1850010
34610,165640
34613,41378
34617,18251140
34618,1739408
34619,6915
34620,554050
34627,289855
34643,178808
34644,48215
34652,41314
34656,1364435
34662,120451
34666,112902
34669,153363
34677,165147
34681,918010
34683,645801
34685,266093
34686,151487
34697,1878681
34699,1219507
34702,78425
34710,6870076
34711,93981
34717,1943120
34719,202443
34723,4518493
34726,1374647
34727,170900
34728,1008692
34733,4169472
34742,6877477
34747,131862
34748,95814
34752,90131
34755,604638
34759,170375
34760,316518
34775,27829056
34778,237194
34781,671043
34784,97666
34786,267468
34788,1853711
34799,10340
34803,618140
34805,530252
34811,681726
34812,515061
34832,395870
34836,412603
34837,1075790
34847,238655
34849,284442
34857,113399
34858,157110
34860,62398
34866,217462
34876,453453
34885,640533
34887,159363
34888,1015778
34890,634133
34899,312437
34900,51601
34908,105465
34918,163625
34930,106319
34934,362090
34936,415703
34938,106855
34940,1126890
34944,190690
34951,124223
34953,587956
34955,323148
34957,177668
34966,54274
34967,8629295
34968,29700000
34969,533163
34973,221353
34977,309026
34978,497026
34980,1644492
34982,877462
34995,103963
34997,151255
34998,325680
35005,434938
35007,3974125
35013,390164
35014,568425
35015,245262
35019,61714
35020,326918
35022,455354
35027,243216
35028,956376
35029,150420
35031,181969
35033,179953
35043,129222
35050,188605
35052,345324
35056,116652
35058,48042
35060,120090
35067,152416
35069,157963
35075,19893
35076,113518
35077,85436
35084,190125
35094,47074
35095,7973918
35100,1503583
35101,164902
35103,89334
35109,203708
35111,441697
35112,212471
35115,403733
35117,156113
35118,76108
35123,1295290
35131,353887
35138,163729
35139,260084
35141,9922560
35151,259459
35154,264657
35157,820086
35161,294650
35164,160939
35165,471392
35169,237812
35172,115743
35179,146029
35186,815962
35189,1430698
35200,436951
35206,90949
35207,574459
35212,137477
35214,406746
35218,228605
35220,137924
35221,378381
35223,223793
35229,100825
35230,789720
35236,175665
35237,2539763
35241,51675
35245,122938
35249,315564
35257,536159
35258,217645
35260,36559
35261,52174
35267,33868
35274,416525
35276,255290
35278,900659
35284,109726
35286,243284
35292,178206
35295,1337753
35303,105210
35304,113354
35309,561134
35314,38357
35319,97398
35320,159156
35322,356580
35323,47207
35326,211459
35328,49268864
35331,845736
35333,270506
35345,218345
35348,705179
35350,312513
35355,164413
35361,840356
35365,384700
35366,174995
35367,236725
35376,98923
35377,255131
35385,355960
35388,155017
35393,37838
35394,75670
35406,209235
35407,243091
35412,552105
35417,253185
35420,192261
35422,319922
35426,939741
35427,207351
35430,119523
35432,40785
35439,154592
35441,333036
35442,72832
35444,4841738
35445,256527
35450,119421
35451,182641
35455,156679
35456,487644
35465,846089
35476,166282
35477,188700
35479,333240
35480,234889
35492,83491
35495,68208
35497,215466
35498,10986716
35510,6257
35513,325522
35514,197135
35518,297247
35519,783579
35521,393417
35524,110654
35525,2728298
35530,205958
35533,20805
35541,1707567
35543,221898
35546,8162097
35547,78227
35558,70371
35568,282379
35583,11096621
35585,229166
35597,93133
35599,568611
35602,28383
35604,144036
45826,908000
55130,93524
57022,208839
57025,86242
57026,374906
57031,49603
57033,176689
57034,127295
57038,2299685
57044,424081
57053,39047611
57055,209907
57056,544116
57058,148304
57061,529378
57065,539197
57069,361851
57071,438899
57072,274726
57073,250070
57074,106061
57077,1238215
57079,5896895
57082,1966760
57083,83987
57091,179469
57092,119014
57093,218404
57095,185322
57097,596435
57098,640684
57101,325215
57102,275799
57103,1028147
57109,7122
57112,316933
57113,102442
57119,216652
57120,263113
57123,117957
57124,354828
57125,27253
57127,311345
57129,134786
57131,518663
57134,1091045
57135,1683233
57137,96797
57141,51177
57144,406077
57145,505713
57160,8280
57162,408530
57167,68171
57176,616672
57184,496501
57192,74384
57197,908911
57203,32506627
57214,149963
57228,924720
57230,183008
57232,42304
57244,915989
57249,663423
57250,173458
57252,387297
57254,106902
57255,376675
57264,244600
57265,686414
57269,777439
57273,65113
57274,206799
57275,85832
57277,176074
57279,174345
57280,136587
57282,37000928
57293,1378199
57295,389812
57298,285911
57301,240082
57311,13016049
57312,149102
57320,50032
57335,222973
57336,97970
57348,1253531
57358,599694
57359,188049
57363,45826
57366,282922
57368,1621911
57369,990128
57373,210000
57377,396716
57379,38739
57382,423118
57391,111225
57395,108175
57396,137015
57408,7075806
57411,236964
57414,220572
57415,1027532
57416,304618
57417,810695
57420,138058
57425,348113
57428,569432
57429,95407
57444,213336
57447,306357
57449,1076165
57450,175715000
57451,587723
57453,90290
57463,1226671
57465,337366
57468,53618
57470,33773
57477,22199
57483,414180
57488,243180
57491,287837
57495,69355
57497,747955
57504,86580
57505,363858
57510,644598
57511,217871
57512,17095107
57513,98282
57514,196269
57522,591560
57524,149576
57531,100948
57540,341091
57542,922009
57543,232745
57548,53128
57552,285240
57554,317722
57559,287211
57564,121927
57565,56935844
57569,91742
57570,6707230
57571,169471
57576,118280
57579,73419
57581,52025
57585,158917
57587,176604
57591,588232
57598,333466
57603,234207
57607,888128
57610,332710
57611,35537
57614,831698
57620,582266
57621,473401
57624,144371
57626,226536
57631,376818
57632,135531
57633,827925
57640,63565
57644,160019
57656,90273
57665,1408235
57672,236787
57684,177048
57686,228964
57694,186402
57695,88051
57696,1999149
57701,1116947
57703,213125
57704,241935
57706,281997
57710,281088
57711,202470
57716,675574
57729,1128730
57730,110476
57733,143554
57734,253252
57740,244073
57741,289399
57742,575711
57754,526299
57756,413182
57764,1947903
57773,55124
57776,1027051
57777,733693
57784,156224
57785,70331
57787,1076120
57789,155006
57799,135623
57803,123547720
57804,197771
57807,239287
57810,1840636
57813,1401648
57815,976057
57816,293591
57821,60119
57825,405996
57833,5294920
57834,3471
57841,374488
57849,124002
57850,256911
57857,238036
57867,137178
57869,239240
57870,4206048
57872,65881
57873,913194
57874,352068
57878,217828
57880,154045
57882,77491
57884,26398
57888,316037
57890,197206045
57892,169240
57897,50595
57898,195209
57899,95198
57901,77267
57903,1162683
57904,2995768
57910,47536
57915,147601
57919,4425259
57920,248942
57922,166229
57923,170508
57924,196903
57927,391219
57931,116072
57933,110171
57934,2903065
57944,759597
57945,197476
57949,132314
57951,90423
57952,67187
57953,388536
57954,154304
57955,518858
57957,116939799
57966,863455
57967,240916
57968,1142002
57971,193080
57973,770227
57974,53552
57978,186342
57983,233341
57990,126662
57993,6370072
57994,136104
57997,1534654
58000,138245
58004,134604
58005,79310
58006,8364998
58010,62645
58013,768441
58018,416498
58020,494432
58025,253834
58029,164462
58030,314938
58037,79667
58039,65439
58040,167200
58048,395030
58049,149853
58054,867595
58057,558744
58060,840573
58063,73548
58069,233527
58074,198476
58075,90373
58076,57958
58077,141246
58079,113871
58082,102179
58088,277293
58090,363533
58091,81660
58092,597414
58095,149490
58100,1221171
58101,290029
58103,105837
58105,245037
58106,109271
58107,189715
58111,225063
58112,35726
58113,112595
58114,173976
58115,637488
58119,1860827
58121,300931
58127,247011
58133,168192
58138,244447
58140,424173
58142,446747
58143,143517
58148,167218
58152,126727
58158,89320
58159,304432
58163,517290
58164,267965
58165,376127
58172,33501
58175,822440
58176,303534
58177,18314349
58180,352178
58181,1102606
58184,196729
58186,194211
58188,54665
58189,105774
58191,358304
58194,998902
58196,334400
58199,42974
58201,194715
58203,300076
58206,136860
58208,420812
58210,1255643
58214,94298
58216,7793
58218,143167
58220,114527
58224,202204
58227,595178
58228,1105165
58230,141102
58231,130507
58234,273877
58239,275585
58243,1075166
58244,334194
58245,299731
58247,335572
58249,517677
58255,810312
58257,615043
58259,455598
58261,516611
58262,113514
58263,146554
58264,674180
58267,871692
58271,86667
58274,125959
58275,348011
58276,321191
58278,209648
58279,151355
58281,446303
58282,63682
58289,160036
58291,545670
58292,165210
58294,181142
58296,349817
58297,295562
58300,80204
58302,4737547
58303,23661
58305,72898
58307,268416
58309,1126629
58310,194628
58311,173993
58314,1308252
58316,1157881
58317,36493
58319,396242
58322,124578
58324,118529
58325,747503
58328,1582711
58329,330760
58341,232925
58345,432810
58347,117175
58348,85545
58357,219464
58359,119937
58360,232667
58366,911063
58370,361952
58371,86617
58372,145407
58374,552238
58375,112735
58376,391780
58377,123031
58378,755051
58380,322462
58387,243658
58390,3321825
58395,485325
58396,316719
58401,330019
58402,141632
58405,131174
58407,258451
58408,3248124
58410,561381
58411,194350
58413,107744
58415,481568
58417,194528
58421,82967
58423,62437
58424,1036623
58426,53955
58427,4150372
58428,173198
58432,642934
58433,625199
58434,153686
58443,158241
58445,322188
58446,343390
58450,106009
58452,173103
58457,3846353
58458,901782
58462,305609
58463,1058190
58464,443553
58466,34305
58467,352817
58469,454742
58470,152231
58479,449952
58481,1073294
58482,70386
58483,505877
58484,139771
58485,549927
58486,1368294
58490,653423
58498,202449
58500,152420
58502,356564
58503,199952
58504,79931
58506,277718
58508,175105
58509,160220
58511,177718
58513,1025995
58514,84527
58516,254727
58517,70807
58520,211341
58522,122553
58523,166134
58532,1197344
58533,270668
58534,155628
58536,1593928
58537,86921
58541,311016
58545,110781
58548,161814
58556,372392
58558,631695
58560,132715
58562,292678
58563,188694
58564,6063190
58574,469809
58576,103437
58577,1170614
58579,147240
58580,432500
58581,635272
58583,764745
58584,149903
58586,32712
58588,189039
58590,74708
58591,204876
58593,176205
58594,25896
58595,483587
58596,4505529
58597,111238
58599,81158
58602,121214
58604,1125890
58608,235019
58615,200542
58619,215507
58625,131093
58626,159043
58629,2454484
58630,94881
58631,703919
58632,781426
58636,103987
58640,1894287
58641,252129
58644,198456
58646,218069
58647,3971790
58648,2128671
58651,217337
58652,720459
58654,428836
58656,16964603
58657,279853
58658,133099
58659,118006
58660,85718
58664,105163
58665,1700897
58668,160970
58670,160389
58671,227809
58672,296103
58675,380901
58678,112243
58680,55686
58687,277461
58689,443780
58691,174345
58692,284418
58694,303921
58696,907785
58697,107778
58699,427391
58700,8802
58703,273810
58705,543942
58712,341450
58714,2945356
58716,538153
58719,729450
58722,656531
58723,213532
58724,128199
58725,301220
58727,323092
58728,447652
58732,94471
58739,327970
58741,911241
58743,104254
58745,119599
58750,160761
58752,521070
58757,289809
58762,327680
58763,332957
58764,126750
58768,138751
58769,1265728
58772,93589
58776,129004
58778,96841
58780,237989
58783,483569
58786,355591
58789,195377
58796,448566
58804,252818
58806,77819
58810,197766
58811,48465
58816,1393564
58818,229114
58823,1333675
58824,372438
58826,98199
58827,199972
58828,579024
58848,70054
58852,213006
58857,72367
58859,128349
58862,384586
58864,286120
58874,542375
58889,269297
58892,511316
58899,91338
58923,343844
58932,96816
58935,409663
58937,645972
58952,123577
58961,181391
58978,42246572
58979,27782765
58991,8952035
59004,620316
59017,73277772
59049,9936645
59051,552796
59052,4556051
59060,961500
59070,2451272
59074,170127
59086,90549
90040,98672
90140,487536
90141,795698
90146,400237
90147,437046
90160,2467173
90169,545285
90173,1010253
90175,682850
90181,519672
90183,4521734
90188,1292178
90190,750894
90191,438890
90196,1261279
90202,318531
90203,597214
90206,779013
90208,674425
90211,2014626
90213,2056809
90215,1393486
90227,1063673
90229,215327
90234,202607
90235,532019
90245,340031
90250,2810535
90251,762398
90253,857935
90258,288713
90259,526045
90268,346190
90270,481161
90282,562806
90290,1533376
90291,538040
90297,765243
90300,2073257
90303,1042176
90308,558865
90311,377247
90384,270817
90582,145799
91005,157868
91280,206323
91325,196496
,
,
,
,
,
,
,
,
,
,
,
,
,
,
,
,
,
,
,
,
,
,
,
,
,
,
,
,
,
,
,
,
,
,
,
,
,
,
,
,
,
,
,
,
,
,
,
,
,
,
,
,
,
,
,
,
,
,
,
,
,
,
,
,
,
,
,
,
,
,
,
,
,
,
,
,
,
,
,
,
,
,
,
,
,
,
,
,
,
,
,
,
,
,
,
,
,
,
,
,
,
,
,
,
,
,
,
,
,
,
,
,
,
,
,
,
,
,
,
,
,
,
,
,
,
,
,
,
,
,
,
,
,
,
,
,
,
,
,
,
,
,
,
,
,
,
,
,
,
,
,
,
,
,
,
,
,
,
,
,
,
,
,
,
,
,
,
,
,
,
,
,
,
,
,
,
,
,
,
,
,
,
,
,
,
,
,
,
,
,
,
,
,
,
,
,
,
,
,
,
,
,
,
,
,
,
,
,
,
,
,
,
,
,
,
,
,
,
,
,
,
,
,
,
,
,
,
,
,
,
,
,
,
,
,
,
,
,
,
,
,
,
,
,
,
,
,
,
,
,
,
,
,
,
,
,
,
,
,
,
,
,
,
,
,
,
,
,
,
,
,
,
,
,
,
,
,
,
,
,
,
,
,
,
,
,
,
,
,
,
,
,
,
,
,
,
,
,
,
,
,
,
,
,
,
,
,
,
,
,
,
,
,
,
,
,
,
,
,
,
,
,
,
,
,
,
,
,
,
,
,
,
,
,
,
,
,
,
,
,
,
,
,
,
,
,
,
,
,
,
,
,
,
,
,
,
,
,
,
,
,
,
,
,
,
,
,
,
,
,
,
,
,
,
,
,
,
,
,
,
,
,
,
,
,
,
,
,
,
,
,
,
,
,
,
,
,
,
,
,
,
,
,
,
,
,
,
,
,
,
,
,
,
,
,
,
,
,
,
,
,
,
,
,
,
,
,
,
,
,
,
,
,
,
,
,
,
,
,
,
,
,
,
,
,
,
,
,
,
,
,
,
,
,
,
,
,
,
,
,
,
,
,
,
,
,
,
,
,
,
,
,
,
,
,
,
,
,
,
,
,
,
,
,
,
,
,
,
,
,
,
,
,
,
,
,
,
,
,
,
,
,
,
,
,
,
,
,
,
,
,
,
,
,
,
,
,
,
,
,
,
,
,
,
,
,
,
,
,
,
,
,
,
,
,
,
,
,
,
,
,
,
,
,
,
,
,
,
,
,
,
,
,
,
,
,
,
,
,
,
,
,
,
,
,
,
,
,
,
,
,
,
,
,
,
,
,
,
,
,
,
,
,
,
,
,
,
,
,
,
,
,
,
,
,
,
,
,
,
,
,
,
,
,
,
,
,
,
,
,
,
,
,
,
,
,
,
,
,
,
,
,
,
,
,
,
,
,
,
,
,
,
,
,
,
,
,
,
,
,
,
,
,
,
,
,
,
,
,
,
,
,
,
,
,
,
,
,
,
,
,
,
,
,
,
,
,
,
,
,
,
,
,
,
,
,
,
,
,
,
,
,
,
,
,
,
,
,
,
,
,
,
,
,
,
,
,
,
,
,
,
,
,
,
,
,
,
,
,
,
,
,
,
,
,
,
,
,
,
,
,
,
,
,
,
,
,
,
,
,
,
,
,
,
,
,
,
,
,
,
,
,
,
,
,
,
,
,
,
,
,
,
,
,
,
,
,
,
,
,
,
,
,
,
,
,
,
,
,
,
,
,
,
,
,
,
,
,
,
,
,
,
,
,
,
,
,
,
,
,
,
,
,
,
,
,
,
,
,
,
,
,
,
,
,
,
,
,
,
,
,
,
,
,
,
,
,
,
,
,
,
,
,
,
,
,
,
,
,
,
,
,
,
,
,
,
,
,
,
,
,
,
,
,
,
,
,
,
,
,
,
,
,
,
,
,
,
,
,
,
,
,
,
,
,
,
,
,
,
,
,
,
,
,
,
,
,
,
,
,
,
,
,
,
,
,
,
,
,
,
,
,
,
,
,
,
,
,
,